,Bitcoin,Ethereum,XRP,Cardano,Dogecoin,Polkadot,Avalanche,TRON,Litecoin,Bitcoin Cash
Rsquared,0.12115573537798996,0.1592748899218116,0.07547339750366577,0.11651112387523554,0.05687770096649858,0.02033657042792203,0.02986981522435672,0.0789600336534968,0.11677689911943967,0.09851375825057884
